workload,policy,capacity,operations,threads,page_files,access_pattern,seed,repetition,dirty_resident_pages_at_start,elapsed_us,fetch,hit,miss,eviction,dirty_flush,free_frame_miss,clean_victim_selection,clean_replacement_commit,clean_replacement_cancel,dirty_victim_selection,dirty_requested_read,dirty_write_attempt,dirty_write_success,dirty_replacement_commit,dirty_replacement_cancel,physical_read_attempts,physical_read_successes,physical_read_failures,physical_write_attempts,physical_write_successes,physical_write_failures,bytes_read,bytes_written,flush_count,read_time_us,write_time_us,flush_time_us,logical_nonmutating_fetches,logical_dirty_mutations,physical_writes_per_dirty_commit,verified_pages,verification
full-pool-dirty-read,fifo,32,4096,1,1,contention,6072051097480939855,1,32,32978,4096,0,4096,4096,4096,0,0,0,0,4096,4096,4096,4096,4096,0,4096,4096,0,4096,4096,0,16777216,16777216,4096,9255,8799,111,0,4096,1.000,4128,pass
full-pool-dirty-read,fifo,32,4096,1,1,contention,6072051097480939855,2,32,32568,4096,0,4096,4096,4096,0,0,0,0,4096,4096,4096,4096,4096,0,4096,4096,0,4096,4096,0,16777216,16777216,4096,9661,8652,166,0,4096,1.000,4128,pass
full-pool-dirty-read,fifo,32,4096,1,1,contention,6072051097480939855,3,32,34905,4096,0,4096,4096,4096,0,0,0,0,4096,4096,4096,4096,4096,0,4096,4096,0,4096,4096,0,16777216,16777216,4096,9728,9364,112,0,4096,1.000,4128,pass
full-pool-dirty-read,fifo,32,4096,1,1,contention,6072051097480939855,4,32,33557,4096,0,4096,4096,4096,0,0,0,0,4096,4096,4096,4096,4096,0,4096,4096,0,4096,4096,0,16777216,16777216,4096,9765,8795,108,0,4096,1.000,4128,pass
full-pool-dirty-read,fifo,32,4096,1,1,contention,6072051097480939855,5,32,33317,4096,0,4096,4096,4096,0,0,0,0,4096,4096,4096,4096,4096,0,4096,4096,0,4096,4096,0,16777216,16777216,4096,9617,8804,109,0,4096,1.000,4128,pass
full-pool-dirty-read,fifo,32,4096,1,1,contention,6072051097480939855,6,32,31380,4096,0,4096,4096,4096,0,0,0,0,4096,4096,4096,4096,4096,0,4096,4096,0,4096,4096,0,16777216,16777216,4096,9031,8382,103,0,4096,1.000,4128,pass
full-pool-dirty-read,fifo,32,4096,1,1,contention,6072051097480939855,7,32,32970,4096,0,4096,4096,4096,0,0,0,0,4096,4096,4096,4096,4096,0,4096,4096,0,4096,4096,0,16777216,16777216,4096,9368,8900,115,0,4096,1.000,4128,pass
full-pool-dirty-read,fifo,32,4096,1,1,contention,6072051097480939855,8,32,31841,4096,0,4096,4096,4096,0,0,0,0,4096,4096,4096,4096,4096,0,4096,4096,0,4096,4096,0,16777216,16777216,4096,8982,8585,103,0,4096,1.000,4128,pass
full-pool-dirty-read,fifo,32,4096,1,1,contention,6072051097480939855,9,32,33534,4096,0,4096,4096,4096,0,0,0,0,4096,4096,4096,4096,4096,0,4096,4096,0,4096,4096,0,16777216,16777216,4096,9222,8937,113,0,4096,1.000,4128,pass
full-pool-dirty-read,fifo,32,4096,1,1,contention,6072051097480939855,10,32,34761,4096,0,4096,4096,4096,0,0,0,0,4096,4096,4096,4096,4096,0,4096,4096,0,4096,4096,0,16777216,16777216,4096,9834,9127,111,0,4096,1.000,4128,pass
full-pool-dirty-read,fifo,32,4096,1,1,contention,6072051097480939855,11,32,32247,4096,0,4096,4096,4096,0,0,0,0,4096,4096,4096,4096,4096,0,4096,4096,0,4096,4096,0,16777216,16777216,4096,8866,8755,109,0,4096,1.000,4128,pass
full-pool-dirty-read,fifo,32,4096,1,1,contention,6072051097480939855,12,32,31010,4096,0,4096,4096,4096,0,0,0,0,4096,4096,4096,4096,4096,0,4096,4096,0,4096,4096,0,16777216,16777216,4096,8526,8373,109,0,4096,1.000,4128,pass
full-pool-dirty-read,fifo,32,4096,1,1,contention,6072051097480939855,13,32,33071,4096,0,4096,4096,4096,0,0,0,0,4096,4096,4096,4096,4096,0,4096,4096,0,4096,4096,0,16777216,16777216,4096,9570,8812,120,0,4096,1.000,4128,pass
full-pool-dirty-read,fifo,32,4096,1,1,contention,6072051097480939855,14,32,32489,4096,0,4096,4096,4096,0,0,0,0,4096,4096,4096,4096,4096,0,4096,4096,0,4096,4096,0,16777216,16777216,4096,9255,8858,105,0,4096,1.000,4128,pass
full-pool-dirty-read,fifo,32,4096,1,1,contention,6072051097480939855,15,32,32607,4096,0,4096,4096,4096,0,0,0,0,4096,4096,4096,4096,4096,0,4096,4096,0,4096,4096,0,16777216,16777216,4096,9002,8960,195,0,4096,1.000,4128,pass
full-pool-dirty-read,fifo,32,4096,1,1,contention,6072051097480939855,16,32,32263,4096,0,4096,4096,4096,0,0,0,0,4096,4096,4096,4096,4096,0,4096,4096,0,4096,4096,0,16777216,16777216,4096,9004,8845,110,0,4096,1.000,4128,pass
full-pool-dirty-read,fifo,32,4096,1,1,contention,6072051097480939855,17,32,35034,4096,0,4096,4096,4096,0,0,0,0,4096,4096,4096,4096,4096,0,4096,4096,0,4096,4096,0,16777216,16777216,4096,9760,9503,118,0,4096,1.000,4128,pass
full-pool-dirty-read,fifo,32,4096,1,1,contention,6072051097480939855,18,32,32703,4096,0,4096,4096,4096,0,0,0,0,4096,4096,4096,4096,4096,0,4096,4096,0,4096,4096,0,16777216,16777216,4096,9226,8996,113,0,4096,1.000,4128,pass
full-pool-dirty-read,fifo,32,4096,1,1,contention,6072051097480939855,19,32,33464,4096,0,4096,4096,4096,0,0,0,0,4096,4096,4096,4096,4096,0,4096,4096,0,4096,4096,0,16777216,16777216,4096,9520,9035,108,0,4096,1.000,4128,pass
full-pool-dirty-read,fifo,32,4096,1,1,contention,6072051097480939855,20,32,33735,4096,0,4096,4096,4096,0,0,0,0,4096,4096,4096,4096,4096,0,4096,4096,0,4096,4096,0,16777216,16777216,4096,9556,9042,116,0,4096,1.000,4128,pass
full-pool-dirty-read,fifo,32,4096,2,1,contention,6072051097480939855,1,32,155524,4096,109,3987,2048,2048,0,0,0,0,2048,2048,2048,2048,2048,0,2048,2048,0,2048,2048,0,8388608,8388608,2048,8281,6121,100,0,4096,1.000,2080,pass
full-pool-dirty-read,fifo,32,4096,2,1,contention,6072051097480939855,2,32,161146,4096,150,3946,2048,2048,0,0,0,0,2048,2048,2048,2048,2048,0,2048,2048,0,2048,2048,0,8388608,8388608,2048,9177,6604,109,0,4096,1.000,2080,pass
full-pool-dirty-read,fifo,32,4096,2,1,contention,6072051097480939855,3,32,156851,4096,68,4028,2048,2048,0,0,0,0,2048,2048,2048,2048,2048,0,2048,2048,0,2048,2048,0,8388608,8388608,2048,8012,5785,96,0,4096,1.000,2080,pass
full-pool-dirty-read,fifo,32,4096,2,1,contention,6072051097480939855,4,32,157967,4096,51,4045,2048,2048,0,0,0,0,2048,2048,2048,2048,2048,0,2048,2048,0,2048,2048,0,8388608,8388608,2048,8548,5965,101,0,4096,1.000,2080,pass
full-pool-dirty-read,fifo,32,4096,2,1,contention,6072051097480939855,5,32,165621,4096,95,4001,2048,2048,0,0,0,0,2048,2048,2048,2048,2048,0,2048,2048,0,2048,2048,0,8388608,8388608,2048,9431,6590,115,0,4096,1.000,2080,pass
full-pool-dirty-read,fifo,32,4096,2,1,contention,6072051097480939855,6,32,164158,4096,56,4040,2048,2048,0,0,0,0,2048,2048,2048,2048,2048,0,2048,2048,0,2048,2048,0,8388608,8388608,2048,8270,5578,94,0,4096,1.000,2080,pass
full-pool-dirty-read,fifo,32,4096,2,1,contention,6072051097480939855,7,32,155514,4096,47,4049,2048,2048,0,0,0,0,2048,2048,2048,2048,2048,0,2048,2048,0,2048,2048,0,8388608,8388608,2048,7913,5791,91,0,4096,1.000,2080,pass
full-pool-dirty-read,fifo,32,4096,2,1,contention,6072051097480939855,8,32,155140,4096,56,4040,2048,2048,0,0,0,0,2048,2048,2048,2048,2048,0,2048,2048,0,2048,2048,0,8388608,8388608,2048,8009,5744,98,0,4096,1.000,2080,pass
full-pool-dirty-read,fifo,32,4096,2,1,contention,6072051097480939855,9,32,161402,4096,90,4006,2048,2048,0,0,0,0,2048,2048,2048,2048,2048,0,2048,2048,0,2048,2048,0,8388608,8388608,2048,8612,6008,102,0,4096,1.000,2080,pass
full-pool-dirty-read,fifo,32,4096,2,1,contention,6072051097480939855,10,32,151367,4096,99,3997,2048,2048,0,0,0,0,2048,2048,2048,2048,2048,0,2048,2048,0,2048,2048,0,8388608,8388608,2048,7934,5703,96,0,4096,1.000,2080,pass
full-pool-dirty-read,fifo,32,4096,2,1,contention,6072051097480939855,11,32,148017,4096,148,3948,2048,2048,0,0,0,0,2048,2048,2048,2048,2048,0,2048,2048,0,2048,2048,0,8388608,8388608,2048,7898,5756,96,0,4096,1.000,2080,pass
full-pool-dirty-read,fifo,32,4096,2,1,contention,6072051097480939855,12,32,156894,4096,64,4032,2048,2048,0,0,0,0,2048,2048,2048,2048,2048,0,2048,2048,0,2048,2048,0,8388608,8388608,2048,8065,5750,92,0,4096,1.000,2080,pass
full-pool-dirty-read,fifo,32,4096,2,1,contention,6072051097480939855,13,32,156337,4096,84,4012,2048,2048,0,0,0,0,2048,2048,2048,2048,2048,0,2048,2048,0,2048,2048,0,8388608,8388608,2048,8044,5683,94,0,4096,1.000,2080,pass
full-pool-dirty-read,fifo,32,4096,2,1,contention,6072051097480939855,14,32,146518,4096,172,3924,2048,2048,0,0,0,0,2048,2048,2048,2048,2048,0,2048,2048,0,2048,2048,0,8388608,8388608,2048,7729,5632,92,0,4096,1.000,2080,pass
full-pool-dirty-read,fifo,32,4096,2,1,contention,6072051097480939855,15,32,143517,4096,258,3838,2048,2048,0,0,0,0,2048,2048,2048,2048,2048,0,2048,2048,0,2048,2048,0,8388608,8388608,2048,7651,5516,97,0,4096,1.000,2080,pass
full-pool-dirty-read,fifo,32,4096,2,1,contention,6072051097480939855,16,32,151892,4096,55,4041,2048,2048,0,0,0,0,2048,2048,2048,2048,2048,0,2048,2048,0,2048,2048,0,8388608,8388608,2048,7799,5558,91,0,4096,1.000,2080,pass
full-pool-dirty-read,fifo,32,4096,2,1,contention,6072051097480939855,17,32,146120,4096,122,3974,2048,2048,0,0,0,0,2048,2048,2048,2048,2048,0,2048,2048,0,2048,2048,0,8388608,8388608,2048,8561,5644,100,0,4096,1.000,2080,pass
full-pool-dirty-read,fifo,32,4096,2,1,contention,6072051097480939855,18,32,146445,4096,87,4009,2048,2048,0,0,0,0,2048,2048,2048,2048,2048,0,2048,2048,0,2048,2048,0,8388608,8388608,2048,7795,5980,96,0,4096,1.000,2080,pass
full-pool-dirty-read,fifo,32,4096,2,1,contention,6072051097480939855,19,32,153930,4096,116,3980,2048,2048,0,0,0,0,2048,2048,2048,2048,2048,0,2048,2048,0,2048,2048,0,8388608,8388608,2048,8059,5701,92,0,4096,1.000,2080,pass
full-pool-dirty-read,fifo,32,4096,2,1,contention,6072051097480939855,20,32,154448,4096,75,4021,2048,2048,0,0,0,0,2048,2048,2048,2048,2048,0,2048,2048,0,2048,2048,0,8388608,8388608,2048,7991,5716,95,0,4096,1.000,2080,pass
full-pool-dirty-read,fifo,32,4096,4,1,contention,6072051097480939855,1,32,185893,4096,783,3313,1024,1024,0,0,0,0,1024,1024,1024,1024,1024,0,1024,1024,0,1024,1024,0,4194304,4194304,1024,4706,3229,61,0,4096,1.000,1056,pass
full-pool-dirty-read,fifo,32,4096,4,1,contention,6072051097480939855,2,32,183142,4096,702,3394,1024,1024,0,0,0,0,1024,1024,1024,1024,1024,0,1024,1024,0,1024,1024,0,4194304,4194304,1024,4607,3177,56,0,4096,1.000,1056,pass
full-pool-dirty-read,fifo,32,4096,4,1,contention,6072051097480939855,3,32,179114,4096,675,3421,1024,1024,0,0,0,0,1024,1024,1024,1024,1024,0,1024,1024,0,1024,1024,0,4194304,4194304,1024,4354,3173,54,0,4096,1.000,1056,pass
full-pool-dirty-read,fifo,32,4096,4,1,contention,6072051097480939855,4,32,183176,4096,601,3495,1024,1024,0,0,0,0,1024,1024,1024,1024,1024,0,1024,1024,0,1024,1024,0,4194304,4194304,1024,4797,3268,65,0,4096,1.000,1056,pass
full-pool-dirty-read,fifo,32,4096,4,1,contention,6072051097480939855,5,32,181312,4096,556,3540,1024,1024,0,0,0,0,1024,1024,1024,1024,1024,0,1024,1024,0,1024,1024,0,4194304,4194304,1024,5736,3716,71,0,4096,1.000,1056,pass
full-pool-dirty-read,fifo,32,4096,4,1,contention,6072051097480939855,6,32,185368,4096,714,3382,1024,1024,0,0,0,0,1024,1024,1024,1024,1024,0,1024,1024,0,1024,1024,0,4194304,4194304,1024,4409,3413,56,0,4096,1.000,1056,pass
full-pool-dirty-read,fifo,32,4096,4,1,contention,6072051097480939855,7,32,176876,4096,682,3414,1024,1024,0,0,0,0,1024,1024,1024,1024,1024,0,1024,1024,0,1024,1024,0,4194304,4194304,1024,4480,3138,58,0,4096,1.000,1056,pass
full-pool-dirty-read,fifo,32,4096,4,1,contention,6072051097480939855,8,32,186321,4096,748,3348,1024,1024,0,0,0,0,1024,1024,1024,1024,1024,0,1024,1024,0,1024,1024,0,4194304,4194304,1024,4901,3378,67,0,4096,1.000,1056,pass
full-pool-dirty-read,fifo,32,4096,4,1,contention,6072051097480939855,9,32,191557,4096,607,3489,1024,1024,0,0,0,0,1024,1024,1024,1024,1024,0,1024,1024,0,1024,1024,0,4194304,4194304,1024,5023,3523,64,0,4096,1.000,1056,pass
full-pool-dirty-read,fifo,32,4096,4,1,contention,6072051097480939855,10,32,179674,4096,673,3423,1024,1024,0,0,0,0,1024,1024,1024,1024,1024,0,1024,1024,0,1024,1024,0,4194304,4194304,1024,4680,3192,60,0,4096,1.000,1056,pass
full-pool-dirty-read,fifo,32,4096,4,1,contention,6072051097480939855,11,32,188477,4096,647,3449,1024,1024,0,0,0,0,1024,1024,1024,1024,1024,0,1024,1024,0,1024,1024,0,4194304,4194304,1024,4631,3182,61,0,4096,1.000,1056,pass
full-pool-dirty-read,fifo,32,4096,4,1,contention,6072051097480939855,12,32,187929,4096,801,3295,1024,1024,0,0,0,0,1024,1024,1024,1024,1024,0,1024,1024,0,1024,1024,0,4194304,4194304,1024,4591,3235,61,0,4096,1.000,1056,pass
full-pool-dirty-read,fifo,32,4096,4,1,contention,6072051097480939855,13,32,192250,4096,844,3252,1024,1024,0,0,0,0,1024,1024,1024,1024,1024,0,1024,1024,0,1024,1024,0,4194304,4194304,1024,4337,3173,61,0,4096,1.000,1056,pass
full-pool-dirty-read,fifo,32,4096,4,1,contention,6072051097480939855,14,32,197300,4096,979,3117,1024,1024,0,0,0,0,1024,1024,1024,1024,1024,0,1024,1024,0,1024,1024,0,4194304,4194304,1024,4352,3170,60,0,4096,1.000,1056,pass
full-pool-dirty-read,fifo,32,4096,4,1,contention,6072051097480939855,15,32,172856,4096,836,3260,1024,1024,0,0,0,0,1024,1024,1024,1024,1024,0,1024,1024,0,1024,1024,0,4194304,4194304,1024,4807,3278,61,0,4096,1.000,1056,pass
full-pool-dirty-read,fifo,32,4096,4,1,contention,6072051097480939855,16,32,199257,4096,799,3297,1024,1024,0,0,0,0,1024,1024,1024,1024,1024,0,1024,1024,0,1024,1024,0,4194304,4194304,1024,4569,3227,63,0,4096,1.000,1056,pass
full-pool-dirty-read,fifo,32,4096,4,1,contention,6072051097480939855,17,32,196938,4096,963,3133,1024,1024,0,0,0,0,1024,1024,1024,1024,1024,0,1024,1024,0,1024,1024,0,4194304,4194304,1024,4312,3105,59,0,4096,1.000,1056,pass
full-pool-dirty-read,fifo,32,4096,4,1,contention,6072051097480939855,18,32,185355,4096,865,3231,1024,1024,0,0,0,0,1024,1024,1024,1024,1024,0,1024,1024,0,1024,1024,0,4194304,4194304,1024,4680,3313,62,0,4096,1.000,1056,pass
full-pool-dirty-read,fifo,32,4096,4,1,contention,6072051097480939855,19,32,183184,4096,643,3453,1024,1024,0,0,0,0,1024,1024,1024,1024,1024,0,1024,1024,0,1024,1024,0,4194304,4194304,1024,4378,3120,59,0,4096,1.000,1056,pass
full-pool-dirty-read,fifo,32,4096,4,1,contention,6072051097480939855,20,32,177567,4096,707,3389,1024,1024,0,0,0,0,1024,1024,1024,1024,1024,0,1024,1024,0,1024,1024,0,4194304,4194304,1024,4333,3127,58,0,4096,1.000,1056,pass
full-pool-dirty-read,fifo,64,8192,1,1,contention,6072051097480939855,1,64,66446,8192,0,8192,8192,8192,0,0,0,0,8192,8192,8192,8192,8192,0,8192,8192,0,8192,8192,0,33554432,33554432,8192,19117,17329,218,0,8192,1.000,8256,pass
full-pool-dirty-read,fifo,64,8192,1,1,contention,6072051097480939855,2,64,64931,8192,0,8192,8192,8192,0,0,0,0,8192,8192,8192,8192,8192,0,8192,8192,0,8192,8192,0,33554432,33554432,8192,18870,17229,228,0,8192,1.000,8256,pass
full-pool-dirty-read,fifo,64,8192,1,1,contention,6072051097480939855,3,64,64093,8192,0,8192,8192,8192,0,0,0,0,8192,8192,8192,8192,8192,0,8192,8192,0,8192,8192,0,33554432,33554432,8192,18225,17071,219,0,8192,1.000,8256,pass
full-pool-dirty-read,fifo,64,8192,1,1,contention,6072051097480939855,4,64,63641,8192,0,8192,8192,8192,0,0,0,0,8192,8192,8192,8192,8192,0,8192,8192,0,8192,8192,0,33554432,33554432,8192,18077,16936,217,0,8192,1.000,8256,pass
full-pool-dirty-read,fifo,64,8192,1,1,contention,6072051097480939855,5,64,64407,8192,0,8192,8192,8192,0,0,0,0,8192,8192,8192,8192,8192,0,8192,8192,0,8192,8192,0,33554432,33554432,8192,18407,17110,212,0,8192,1.000,8256,pass
full-pool-dirty-read,fifo,64,8192,1,1,contention,6072051097480939855,6,64,63091,8192,0,8192,8192,8192,0,0,0,0,8192,8192,8192,8192,8192,0,8192,8192,0,8192,8192,0,33554432,33554432,8192,17889,16793,211,0,8192,1.000,8256,pass
full-pool-dirty-read,fifo,64,8192,1,1,contention,6072051097480939855,7,64,64519,8192,0,8192,8192,8192,0,0,0,0,8192,8192,8192,8192,8192,0,8192,8192,0,8192,8192,0,33554432,33554432,8192,18847,17170,220,0,8192,1.000,8256,pass
full-pool-dirty-read,fifo,64,8192,1,1,contention,6072051097480939855,8,64,63144,8192,0,8192,8192,8192,0,0,0,0,8192,8192,8192,8192,8192,0,8192,8192,0,8192,8192,0,33554432,33554432,8192,18591,16613,207,0,8192,1.000,8256,pass
full-pool-dirty-read,fifo,64,8192,1,1,contention,6072051097480939855,9,64,66665,8192,0,8192,8192,8192,0,0,0,0,8192,8192,8192,8192,8192,0,8192,8192,0,8192,8192,0,33554432,33554432,8192,19079,17762,222,0,8192,1.000,8256,pass
full-pool-dirty-read,fifo,64,8192,1,1,contention,6072051097480939855,10,64,65140,8192,0,8192,8192,8192,0,0,0,0,8192,8192,8192,8192,8192,0,8192,8192,0,8192,8192,0,33554432,33554432,8192,18564,17524,223,0,8192,1.000,8256,pass
full-pool-dirty-read,fifo,64,8192,1,1,contention,6072051097480939855,11,64,63425,8192,0,8192,8192,8192,0,0,0,0,8192,8192,8192,8192,8192,0,8192,8192,0,8192,8192,0,33554432,33554432,8192,17913,16947,211,0,8192,1.000,8256,pass
full-pool-dirty-read,fifo,64,8192,1,1,contention,6072051097480939855,12,64,63745,8192,0,8192,8192,8192,0,0,0,0,8192,8192,8192,8192,8192,0,8192,8192,0,8192,8192,0,33554432,33554432,8192,17792,17270,216,0,8192,1.000,8256,pass
full-pool-dirty-read,fifo,64,8192,1,1,contention,6072051097480939855,13,64,63787,8192,0,8192,8192,8192,0,0,0,0,8192,8192,8192,8192,8192,0,8192,8192,0,8192,8192,0,33554432,33554432,8192,18058,17124,212,0,8192,1.000,8256,pass
full-pool-dirty-read,fifo,64,8192,1,1,contention,6072051097480939855,14,64,64480,8192,0,8192,8192,8192,0,0,0,0,8192,8192,8192,8192,8192,0,8192,8192,0,8192,8192,0,33554432,33554432,8192,18944,17124,204,0,8192,1.000,8256,pass
full-pool-dirty-read,fifo,64,8192,1,1,contention,6072051097480939855,15,64,65136,8192,0,8192,8192,8192,0,0,0,0,8192,8192,8192,8192,8192,0,8192,8192,0,8192,8192,0,33554432,33554432,8192,18790,16992,215,0,8192,1.000,8256,pass
full-pool-dirty-read,fifo,64,8192,1,1,contention,6072051097480939855,16,64,63614,8192,0,8192,8192,8192,0,0,0,0,8192,8192,8192,8192,8192,0,8192,8192,0,8192,8192,0,33554432,33554432,8192,18308,16923,216,0,8192,1.000,8256,pass
full-pool-dirty-read,fifo,64,8192,1,1,contention,6072051097480939855,17,64,65746,8192,0,8192,8192,8192,0,0,0,0,8192,8192,8192,8192,8192,0,8192,8192,0,8192,8192,0,33554432,33554432,8192,18948,17449,209,0,8192,1.000,8256,pass
full-pool-dirty-read,fifo,64,8192,1,1,contention,6072051097480939855,18,64,63854,8192,0,8192,8192,8192,0,0,0,0,8192,8192,8192,8192,8192,0,8192,8192,0,8192,8192,0,33554432,33554432,8192,18152,17228,216,0,8192,1.000,8256,pass
full-pool-dirty-read,fifo,64,8192,1,1,contention,6072051097480939855,19,64,64543,8192,0,8192,8192,8192,0,0,0,0,8192,8192,8192,8192,8192,0,8192,8192,0,8192,8192,0,33554432,33554432,8192,18282,17286,222,0,8192,1.000,8256,pass
full-pool-dirty-read,fifo,64,8192,1,1,contention,6072051097480939855,20,64,65829,8192,0,8192,8192,8192,0,0,0,0,8192,8192,8192,8192,8192,0,8192,8192,0,8192,8192,0,33554432,33554432,8192,17999,18046,213,0,8192,1.000,8256,pass
full-pool-dirty-read,fifo,64,8192,2,1,contention,6072051097480939855,1,64,314426,8192,126,8066,4096,4096,0,0,0,0,4096,4096,4096,4096,4096,0,4096,4096,0,4096,4096,0,16777216,16777216,4096,16614,11859,250,0,8192,1.000,4160,pass
full-pool-dirty-read,fifo,64,8192,2,1,contention,6072051097480939855,2,64,303634,8192,215,7977,4096,4096,0,0,0,0,4096,4096,4096,4096,4096,0,4096,4096,0,4096,4096,0,16777216,16777216,4096,17574,12457,216,0,8192,1.000,4160,pass
full-pool-dirty-read,fifo,64,8192,2,1,contention,6072051097480939855,3,64,302021,8192,154,8038,4096,4096,0,0,0,0,4096,4096,4096,4096,4096,0,4096,4096,0,4096,4096,0,16777216,16777216,4096,15827,11561,186,0,8192,1.000,4160,pass
full-pool-dirty-read,fifo,64,8192,2,1,contention,6072051097480939855,4,64,301463,8192,111,8081,4096,4096,0,0,0,0,4096,4096,4096,4096,4096,0,4096,4096,0,4096,4096,0,16777216,16777216,4096,16497,11755,192,0,8192,1.000,4160,pass
full-pool-dirty-read,fifo,64,8192,2,1,contention,6072051097480939855,5,64,312090,8192,173,8019,4096,4096,0,0,0,0,4096,4096,4096,4096,4096,0,4096,4096,0,4096,4096,0,16777216,16777216,4096,16004,11343,184,0,8192,1.000,4160,pass
full-pool-dirty-read,fifo,64,8192,2,1,contention,6072051097480939855,6,64,306340,8192,202,7990,4096,4096,0,0,0,0,4096,4096,4096,4096,4096,0,4096,4096,0,4096,4096,0,16777216,16777216,4096,16212,11466,194,0,8192,1.000,4160,pass
full-pool-dirty-read,fifo,64,8192,2,1,contention,6072051097480939855,7,64,283480,8192,196,7996,4096,4096,0,0,0,0,4096,4096,4096,4096,4096,0,4096,4096,0,4096,4096,0,16777216,16777216,4096,15718,11392,188,0,8192,1.000,4160,pass
full-pool-dirty-read,fifo,64,8192,2,1,contention,6072051097480939855,8,64,291773,8192,106,8086,4096,4096,0,0,0,0,4096,4096,4096,4096,4096,0,4096,4096,0,4096,4096,0,16777216,16777216,4096,15691,11205,185,0,8192,1.000,4160,pass
full-pool-dirty-read,fifo,64,8192,2,1,contention,6072051097480939855,9,64,304759,8192,191,8001,4096,4096,0,0,0,0,4096,4096,4096,4096,4096,0,4096,4096,0,4096,4096,0,16777216,16777216,4096,15960,11417,197,0,8192,1.000,4160,pass
full-pool-dirty-read,fifo,64,8192,2,1,contention,6072051097480939855,10,64,288914,8192,329,7863,4096,4096,0,0,0,0,4096,4096,4096,4096,4096,0,4096,4096,0,4096,4096,0,16777216,16777216,4096,15435,11369,195,0,8192,1.000,4160,pass
full-pool-dirty-read,fifo,64,8192,2,1,contention,6072051097480939855,11,64,295024,8192,242,7950,4096,4096,0,0,0,0,4096,4096,4096,4096,4096,0,4096,4096,0,4096,4096,0,16777216,16777216,4096,15665,11414,191,0,8192,1.000,4160,pass
full-pool-dirty-read,fifo,64,8192,2,1,contention,6072051097480939855,12,64,307100,8192,109,8083,4096,4096,0,0,0,0,4096,4096,4096,4096,4096,0,4096,4096,0,4096,4096,0,16777216,16777216,4096,15668,11316,195,0,8192,1.000,4160,pass
full-pool-dirty-read,fifo,64,8192,2,1,contention,6072051097480939855,13,64,308973,8192,199,7993,4096,4096,0,0,0,0,4096,4096,4096,4096,4096,0,4096,4096,0,4096,4096,0,16777216,16777216,4096,15954,11659,194,0,8192,1.000,4160,pass
full-pool-dirty-read,fifo,64,8192,2,1,contention,6072051097480939855,14,64,303501,8192,146,8046,4096,4096,0,0,0,0,4096,4096,4096,4096,4096,0,4096,4096,0,4096,4096,0,16777216,16777216,4096,15822,11514,192,0,8192,1.000,4160,pass
full-pool-dirty-read,fifo,64,8192,2,1,contention,6072051097480939855,15,64,286645,8192,315,7877,4096,4096,0,0,0,0,4096,4096,4096,4096,4096,0,4096,4096,0,4096,4096,0,16777216,16777216,4096,15524,11463,185,0,8192,1.000,4160,pass
full-pool-dirty-read,fifo,64,8192,2,1,contention,6072051097480939855,16,64,314567,8192,77,8115,4096,4096,0,0,0,0,4096,4096,4096,4096,4096,0,4096,4096,0,4096,4096,0,16777216,16777216,4096,15650,11138,179,0,8192,1.000,4160,pass
full-pool-dirty-read,fifo,64,8192,2,1,contention,6072051097480939855,17,64,313312,8192,119,8073,4096,4096,0,0,0,0,4096,4096,4096,4096,4096,0,4096,4096,0,4096,4096,0,16777216,16777216,4096,15894,11324,175,0,8192,1.000,4160,pass
full-pool-dirty-read,fifo,64,8192,2,1,contention,6072051097480939855,18,64,294652,8192,134,8058,4096,4096,0,0,0,0,4096,4096,4096,4096,4096,0,4096,4096,0,4096,4096,0,16777216,16777216,4096,15633,11367,185,0,8192,1.000,4160,pass
full-pool-dirty-read,fifo,64,8192,2,1,contention,6072051097480939855,19,64,303326,8192,151,8041,4096,4096,0,0,0,0,4096,4096,4096,4096,4096,0,4096,4096,0,4096,4096,0,16777216,16777216,4096,15843,11478,197,0,8192,1.000,4160,pass
full-pool-dirty-read,fifo,64,8192,2,1,contention,6072051097480939855,20,64,304530,8192,165,8027,4096,4096,0,0,0,0,4096,4096,4096,4096,4096,0,4096,4096,0,4096,4096,0,16777216,16777216,4096,15958,11406,194,0,8192,1.000,4160,pass
full-pool-dirty-read,fifo,64,8192,4,1,contention,6072051097480939855,1,64,396626,8192,1507,6685,2048,2048,0,0,0,0,2048,2048,2048,2048,2048,0,2048,2048,0,2048,2048,0,8388608,8388608,2048,9374,6821,122,0,8192,1.000,2112,pass
full-pool-dirty-read,fifo,64,8192,4,1,contention,6072051097480939855,2,64,393560,8192,1478,6714,2048,2048,0,0,0,0,2048,2048,2048,2048,2048,0,2048,2048,0,2048,2048,0,8388608,8388608,2048,9299,6666,128,0,8192,1.000,2112,pass
full-pool-dirty-read,fifo,64,8192,4,1,contention,6072051097480939855,3,64,386016,8192,1391,6801,2048,2048,0,0,0,0,2048,2048,2048,2048,2048,0,2048,2048,0,2048,2048,0,8388608,8388608,2048,9426,6998,128,0,8192,1.000,2112,pass
full-pool-dirty-read,fifo,64,8192,4,1,contention,6072051097480939855,4,64,372688,8192,1081,7111,2048,2048,0,0,0,0,2048,2048,2048,2048,2048,0,2048,2048,0,2048,2048,0,8388608,8388608,2048,8859,6399,116,0,8192,1.000,2112,pass
full-pool-dirty-read,fifo,64,8192,4,1,contention,6072051097480939855,5,64,352314,8192,1101,7091,2048,2048,0,0,0,0,2048,2048,2048,2048,2048,0,2048,2048,0,2048,2048,0,8388608,8388608,2048,8837,6390,116,0,8192,1.000,2112,pass
full-pool-dirty-read,fifo,64,8192,4,1,contention,6072051097480939855,6,64,370411,8192,1338,6854,2048,2048,0,0,0,0,2048,2048,2048,2048,2048,0,2048,2048,0,2048,2048,0,8388608,8388608,2048,9019,6496,113,0,8192,1.000,2112,pass
full-pool-dirty-read,fifo,64,8192,4,1,contention,6072051097480939855,7,64,332644,8192,1316,6876,2048,2048,0,0,0,0,2048,2048,2048,2048,2048,0,2048,2048,0,2048,2048,0,8388608,8388608,2048,9571,7019,121,0,8192,1.000,2112,pass
full-pool-dirty-read,fifo,64,8192,4,1,contention,6072051097480939855,8,64,371107,8192,1207,6985,2048,2048,0,0,0,0,2048,2048,2048,2048,2048,0,2048,2048,0,2048,2048,0,8388608,8388608,2048,9158,6716,118,0,8192,1.000,2112,pass
full-pool-dirty-read,fifo,64,8192,4,1,contention,6072051097480939855,9,64,373262,8192,1356,6836,2048,2048,0,0,0,0,2048,2048,2048,2048,2048,0,2048,2048,0,2048,2048,0,8388608,8388608,2048,9015,6725,119,0,8192,1.000,2112,pass
full-pool-dirty-read,fifo,64,8192,4,1,contention,6072051097480939855,10,64,364796,8192,1107,7085,2048,2048,0,0,0,0,2048,2048,2048,2048,2048,0,2048,2048,0,2048,2048,0,8388608,8388608,2048,8611,6471,118,0,8192,1.000,2112,pass
full-pool-dirty-read,fifo,64,8192,4,1,contention,6072051097480939855,11,64,369101,8192,1264,6928,2048,2048,0,0,0,0,2048,2048,2048,2048,2048,0,2048,2048,0,2048,2048,0,8388608,8388608,2048,8637,6411,116,0,8192,1.000,2112,pass
full-pool-dirty-read,fifo,64,8192,4,1,contention,6072051097480939855,12,64,370925,8192,1440,6752,2048,2048,0,0,0,0,2048,2048,2048,2048,2048,0,2048,2048,0,2048,2048,0,8388608,8388608,2048,8998,6466,115,0,8192,1.000,2112,pass
full-pool-dirty-read,fifo,64,8192,4,1,contention,6072051097480939855,13,64,359995,8192,1220,6972,2048,2048,0,0,0,0,2048,2048,2048,2048,2048,0,2048,2048,0,2048,2048,0,8388608,8388608,2048,9058,6539,115,0,8192,1.000,2112,pass
full-pool-dirty-read,fifo,64,8192,4,1,contention,6072051097480939855,14,64,362419,8192,1400,6792,2048,2048,0,0,0,0,2048,2048,2048,2048,2048,0,2048,2048,0,2048,2048,0,8388608,8388608,2048,8721,6298,112,0,8192,1.000,2112,pass
full-pool-dirty-read,fifo,64,8192,4,1,contention,6072051097480939855,15,64,345189,8192,1218,6974,2048,2048,0,0,0,0,2048,2048,2048,2048,2048,0,2048,2048,0,2048,2048,0,8388608,8388608,2048,8857,6389,111,0,8192,1.000,2112,pass
full-pool-dirty-read,fifo,64,8192,4,1,contention,6072051097480939855,16,64,388750,8192,1605,6587,2048,2048,0,0,0,0,2048,2048,2048,2048,2048,0,2048,2048,0,2048,2048,0,8388608,8388608,2048,8807,6509,118,0,8192,1.000,2112,pass
full-pool-dirty-read,fifo,64,8192,4,1,contention,6072051097480939855,17,64,368147,8192,1046,7146,2048,2048,0,0,0,0,2048,2048,2048,2048,2048,0,2048,2048,0,2048,2048,0,8388608,8388608,2048,9423,6677,122,0,8192,1.000,2112,pass
full-pool-dirty-read,fifo,64,8192,4,1,contention,6072051097480939855,18,64,362660,8192,1203,6989,2048,2048,0,0,0,0,2048,2048,2048,2048,2048,0,2048,2048,0,2048,2048,0,8388608,8388608,2048,9201,6760,114,0,8192,1.000,2112,pass
full-pool-dirty-read,fifo,64,8192,4,1,contention,6072051097480939855,19,64,373064,8192,1326,6866,2048,2048,0,0,0,0,2048,2048,2048,2048,2048,0,2048,2048,0,2048,2048,0,8388608,8388608,2048,9268,6453,114,0,8192,1.000,2112,pass
full-pool-dirty-read,fifo,64,8192,4,1,contention,6072051097480939855,20,64,388040,8192,1265,6927,2048,2048,0,0,0,0,2048,2048,2048,2048,2048,0,2048,2048,0,2048,2048,0,8388608,8388608,2048,9570,6830,121,0,8192,1.000,2112,pass
full-pool-dirty-read,fifo,32,4096,1,2,contention,6072051097480939855,1,32,34216,4096,0,4096,4096,4096,0,0,0,0,4096,4096,4096,4096,4096,0,4096,4096,0,4096,4096,0,16777216,16777216,4096,9765,8794,104,0,4096,1.000,4128,pass
full-pool-dirty-read,fifo,32,4096,1,2,contention,6072051097480939855,2,32,32900,4096,0,4096,4096,4096,0,0,0,0,4096,4096,4096,4096,4096,0,4096,4096,0,4096,4096,0,16777216,16777216,4096,9436,8677,114,0,4096,1.000,4128,pass
full-pool-dirty-read,fifo,32,4096,1,2,contention,6072051097480939855,3,32,33168,4096,0,4096,4096,4096,0,0,0,0,4096,4096,4096,4096,4096,0,4096,4096,0,4096,4096,0,16777216,16777216,4096,9581,8647,112,0,4096,1.000,4128,pass
full-pool-dirty-read,fifo,32,4096,1,2,contention,6072051097480939855,4,32,35138,4096,0,4096,4096,4096,0,0,0,0,4096,4096,4096,4096,4096,0,4096,4096,0,4096,4096,0,16777216,16777216,4096,10102,9335,124,0,4096,1.000,4128,pass
full-pool-dirty-read,fifo,32,4096,1,2,contention,6072051097480939855,5,32,33713,4096,0,4096,4096,4096,0,0,0,0,4096,4096,4096,4096,4096,0,4096,4096,0,4096,4096,0,16777216,16777216,4096,9437,9014,107,0,4096,1.000,4128,pass
full-pool-dirty-read,fifo,32,4096,1,2,contention,6072051097480939855,6,32,32506,4096,0,4096,4096,4096,0,0,0,0,4096,4096,4096,4096,4096,0,4096,4096,0,4096,4096,0,16777216,16777216,4096,9035,8632,103,0,4096,1.000,4128,pass
full-pool-dirty-read,fifo,32,4096,1,2,contention,6072051097480939855,7,32,33902,4096,0,4096,4096,4096,0,0,0,0,4096,4096,4096,4096,4096,0,4096,4096,0,4096,4096,0,16777216,16777216,4096,9484,8550,110,0,4096,1.000,4128,pass
full-pool-dirty-read,fifo,32,4096,1,2,contention,6072051097480939855,8,32,33802,4096,0,4096,4096,4096,0,0,0,0,4096,4096,4096,4096,4096,0,4096,4096,0,4096,4096,0,16777216,16777216,4096,9756,8556,107,0,4096,1.000,4128,pass
full-pool-dirty-read,fifo,32,4096,1,2,contention,6072051097480939855,9,32,34018,4096,0,4096,4096,4096,0,0,0,0,4096,4096,4096,4096,4096,0,4096,4096,0,4096,4096,0,16777216,16777216,4096,9450,8680,109,0,4096,1.000,4128,pass
full-pool-dirty-read,fifo,32,4096,1,2,contention,6072051097480939855,10,32,33186,4096,0,4096,4096,4096,0,0,0,0,4096,4096,4096,4096,4096,0,4096,4096,0,4096,4096,0,16777216,16777216,4096,9551,8586,108,0,4096,1.000,4128,pass
full-pool-dirty-read,fifo,32,4096,1,2,contention,6072051097480939855,11,32,33707,4096,0,4096,4096,4096,0,0,0,0,4096,4096,4096,4096,4096,0,4096,4096,0,4096,4096,0,16777216,16777216,4096,9380,9149,107,0,4096,1.000,4128,pass
full-pool-dirty-read,fifo,32,4096,1,2,contention,6072051097480939855,12,32,33507,4096,0,4096,4096,4096,0,0,0,0,4096,4096,4096,4096,4096,0,4096,4096,0,4096,4096,0,16777216,16777216,4096,9473,8638,109,0,4096,1.000,4128,pass
full-pool-dirty-read,fifo,32,4096,1,2,contention,6072051097480939855,13,32,33178,4096,0,4096,4096,4096,0,0,0,0,4096,4096,4096,4096,4096,0,4096,4096,0,4096,4096,0,16777216,16777216,4096,9249,8710,111,0,4096,1.000,4128,pass
full-pool-dirty-read,fifo,32,4096,1,2,contention,6072051097480939855,14,32,34288,4096,0,4096,4096,4096,0,0,0,0,4096,4096,4096,4096,4096,0,4096,4096,0,4096,4096,0,16777216,16777216,4096,9975,8828,104,0,4096,1.000,4128,pass
full-pool-dirty-read,fifo,32,4096,1,2,contention,6072051097480939855,15,32,34178,4096,0,4096,4096,4096,0,0,0,0,4096,4096,4096,4096,4096,0,4096,4096,0,4096,4096,0,16777216,16777216,4096,9755,8698,105,0,4096,1.000,4128,pass
full-pool-dirty-read,fifo,32,4096,1,2,contention,6072051097480939855,16,32,33541,4096,0,4096,4096,4096,0,0,0,0,4096,4096,4096,4096,4096,0,4096,4096,0,4096,4096,0,16777216,16777216,4096,9648,8813,110,0,4096,1.000,4128,pass
full-pool-dirty-read,fifo,32,4096,1,2,contention,6072051097480939855,17,32,33090,4096,0,4096,4096,4096,0,0,0,0,4096,4096,4096,4096,4096,0,4096,4096,0,4096,4096,0,16777216,16777216,4096,9475,8708,109,0,4096,1.000,4128,pass
full-pool-dirty-read,fifo,32,4096,1,2,contention,6072051097480939855,18,32,34004,4096,0,4096,4096,4096,0,0,0,0,4096,4096,4096,4096,4096,0,4096,4096,0,4096,4096,0,16777216,16777216,4096,9483,9255,108,0,4096,1.000,4128,pass
full-pool-dirty-read,fifo,32,4096,1,2,contention,6072051097480939855,19,32,33189,4096,0,4096,4096,4096,0,0,0,0,4096,4096,4096,4096,4096,0,4096,4096,0,4096,4096,0,16777216,16777216,4096,9278,8590,105,0,4096,1.000,4128,pass
full-pool-dirty-read,fifo,32,4096,1,2,contention,6072051097480939855,20,32,33818,4096,0,4096,4096,4096,0,0,0,0,4096,4096,4096,4096,4096,0,4096,4096,0,4096,4096,0,16777216,16777216,4096,9783,8701,109,0,4096,1.000,4128,pass
full-pool-dirty-read,fifo,32,4096,2,2,contention,6072051097480939855,1,32,147751,4096,63,4033,2048,2048,0,0,0,0,2048,2048,2048,2048,2048,0,2048,2048,0,2048,2048,0,8388608,8388608,2048,7562,5448,87,0,4096,1.000,2080,pass
full-pool-dirty-read,fifo,32,4096,2,2,contention,6072051097480939855,2,32,145476,4096,96,4000,2048,2048,0,0,0,0,2048,2048,2048,2048,2048,0,2048,2048,0,2048,2048,0,8388608,8388608,2048,7478,5440,98,0,4096,1.000,2080,pass
full-pool-dirty-read,fifo,32,4096,2,2,contention,6072051097480939855,3,32,146319,4096,120,3976,2048,2048,0,0,0,0,2048,2048,2048,2048,2048,0,2048,2048,0,2048,2048,0,8388608,8388608,2048,7716,5541,96,0,4096,1.000,2080,pass
full-pool-dirty-read,fifo,32,4096,2,2,contention,6072051097480939855,4,32,151487,4096,104,3992,2048,2048,0,0,0,0,2048,2048,2048,2048,2048,0,2048,2048,0,2048,2048,0,8388608,8388608,2048,8192,6127,98,0,4096,1.000,2080,pass
full-pool-dirty-read,fifo,32,4096,2,2,contention,6072051097480939855,5,32,152292,4096,140,3956,2048,2048,0,0,0,0,2048,2048,2048,2048,2048,0,2048,2048,0,2048,2048,0,8388608,8388608,2048,8670,5906,106,0,4096,1.000,2080,pass
full-pool-dirty-read,fifo,32,4096,2,2,contention,6072051097480939855,6,32,153170,4096,73,4023,2048,2048,0,0,0,0,2048,2048,2048,2048,2048,0,2048,2048,0,2048,2048,0,8388608,8388608,2048,8346,5817,102,0,4096,1.000,2080,pass
full-pool-dirty-read,fifo,32,4096,2,2,contention,6072051097480939855,7,32,149776,4096,95,4001,2048,2048,0,0,0,0,2048,2048,2048,2048,2048,0,2048,2048,0,2048,2048,0,8388608,8388608,2048,8149,5679,93,0,4096,1.000,2080,pass
full-pool-dirty-read,fifo,32,4096,2,2,contention,6072051097480939855,8,32,151857,4096,75,4021,2048,2048,0,0,0,0,2048,2048,2048,2048,2048,0,2048,2048,0,2048,2048,0,8388608,8388608,2048,7634,5445,89,0,4096,1.000,2080,pass
full-pool-dirty-read,fifo,32,4096,2,2,contention,6072051097480939855,9,32,151791,4096,111,3985,2048,2048,0,0,0,0,2048,2048,2048,2048,2048,0,2048,2048,0,2048,2048,0,8388608,8388608,2048,7727,5450,95,0,4096,1.000,2080,pass
full-pool-dirty-read,fifo,32,4096,2,2,contention,6072051097480939855,10,32,162562,4096,30,4066,2048,2048,0,0,0,0,2048,2048,2048,2048,2048,0,2048,2048,0,2048,2048,0,8388608,8388608,2048,8091,5662,103,0,4096,1.000,2080,pass
full-pool-dirty-read,fifo,32,4096,2,2,contention,6072051097480939855,11,32,151095,4096,109,3987,2048,2048,0,0,0,0,2048,2048,2048,2048,2048,0,2048,2048,0,2048,2048,0,8388608,8388608,2048,7681,5730,97,0,4096,1.000,2080,pass
full-pool-dirty-read,fifo,32,4096,2,2,contention,6072051097480939855,12,32,156550,4096,111,3985,2048,2048,0,0,0,0,2048,2048,2048,2048,2048,0,2048,2048,0,2048,2048,0,8388608,8388608,2048,8083,5695,96,0,4096,1.000,2080,pass
full-pool-dirty-read,fifo,32,4096,2,2,contention,6072051097480939855,13,32,154878,4096,124,3972,2048,2048,0,0,0,0,2048,2048,2048,2048,2048,0,2048,2048,0,2048,2048,0,8388608,8388608,2048,7892,5677,100,0,4096,1.000,2080,pass
full-pool-dirty-read,fifo,32,4096,2,2,contention,6072051097480939855,14,32,154588,4096,86,4010,2048,2048,0,0,0,0,2048,2048,2048,2048,2048,0,2048,2048,0,2048,2048,0,8388608,8388608,2048,7714,5527,92,0,4096,1.000,2080,pass
full-pool-dirty-read,fifo,32,4096,2,2,contention,6072051097480939855,15,32,146040,4096,197,3899,2048,2048,0,0,0,0,2048,2048,2048,2048,2048,0,2048,2048,0,2048,2048,0,8388608,8388608,2048,7469,5499,99,0,4096,1.000,2080,pass
full-pool-dirty-read,fifo,32,4096,2,2,contention,6072051097480939855,16,32,148064,4096,91,4005,2048,2048,0,0,0,0,2048,2048,2048,2048,2048,0,2048,2048,0,2048,2048,0,8388608,8388608,2048,7517,5383,86,0,4096,1.000,2080,pass
full-pool-dirty-read,fifo,32,4096,2,2,contention,6072051097480939855,17,32,147553,4096,77,4019,2048,2048,0,0,0,0,2048,2048,2048,2048,2048,0,2048,2048,0,2048,2048,0,8388608,8388608,2048,7575,5489,93,0,4096,1.000,2080,pass
full-pool-dirty-read,fifo,32,4096,2,2,contention,6072051097480939855,18,32,151971,4096,109,3987,2048,2048,0,0,0,0,2048,2048,2048,2048,2048,0,2048,2048,0,2048,2048,0,8388608,8388608,2048,7943,5678,92,0,4096,1.000,2080,pass
full-pool-dirty-read,fifo,32,4096,2,2,contention,6072051097480939855,19,32,152310,4096,139,3957,2048,2048,0,0,0,0,2048,2048,2048,2048,2048,0,2048,2048,0,2048,2048,0,8388608,8388608,2048,7844,5667,95,0,4096,1.000,2080,pass
full-pool-dirty-read,fifo,32,4096,2,2,contention,6072051097480939855,20,32,147487,4096,101,3995,2048,2048,0,0,0,0,2048,2048,2048,2048,2048,0,2048,2048,0,2048,2048,0,8388608,8388608,2048,7569,5703,94,0,4096,1.000,2080,pass
full-pool-dirty-read,fifo,32,4096,4,2,contention,6072051097480939855,1,32,190635,4096,668,3428,1024,1024,0,0,0,0,1024,1024,1024,1024,1024,0,1024,1024,0,1024,1024,0,4194304,4194304,1024,4330,3038,53,0,4096,1.000,1056,pass
full-pool-dirty-read,fifo,32,4096,4,2,contention,6072051097480939855,2,32,198962,4096,841,3255,1024,1024,0,0,0,0,1024,1024,1024,1024,1024,0,1024,1024,0,1024,1024,0,4194304,4194304,1024,4634,3308,60,0,4096,1.000,1056,pass
full-pool-dirty-read,fifo,32,4096,4,2,contention,6072051097480939855,3,32,192590,4096,773,3323,1024,1024,0,0,0,0,1024,1024,1024,1024,1024,0,1024,1024,0,1024,1024,0,4194304,4194304,1024,4590,3290,61,0,4096,1.000,1056,pass
full-pool-dirty-read,fifo,32,4096,4,2,contention,6072051097480939855,4,32,184168,4096,610,3486,1024,1024,0,0,0,0,1024,1024,1024,1024,1024,0,1024,1024,0,1024,1024,0,4194304,4194304,1024,4771,3363,60,0,4096,1.000,1056,pass
full-pool-dirty-read,fifo,32,4096,4,2,contention,6072051097480939855,5,32,194271,4096,502,3594,1024,1024,0,0,0,0,1024,1024,1024,1024,1024,0,1024,1024,0,1024,1024,0,4194304,4194304,1024,5293,3605,64,0,4096,1.000,1056,pass
full-pool-dirty-read,fifo,32,4096,4,2,contention,6072051097480939855,6,32,198017,4096,887,3209,1024,1024,0,0,0,0,1024,1024,1024,1024,1024,0,1024,1024,0,1024,1024,0,4194304,4194304,1024,4368,3141,58,0,4096,1.000,1056,pass
full-pool-dirty-read,fifo,32,4096,4,2,contention,6072051097480939855,7,32,182820,4096,810,3286,1024,1024,0,0,0,0,1024,1024,1024,1024,1024,0,1024,1024,0,1024,1024,0,4194304,4194304,1024,4651,3473,61,0,4096,1.000,1056,pass
full-pool-dirty-read,fifo,32,4096,4,2,contention,6072051097480939855,8,32,189728,4096,685,3411,1024,1024,0,0,0,0,1024,1024,1024,1024,1024,0,1024,1024,0,1024,1024,0,4194304,4194304,1024,5197,3377,61,0,4096,1.000,1056,pass
full-pool-dirty-read,fifo,32,4096,4,2,contention,6072051097480939855,9,32,190496,4096,648,3448,1024,1024,0,0,0,0,1024,1024,1024,1024,1024,0,1024,1024,0,1024,1024,0,4194304,4194304,1024,4791,3299,59,0,4096,1.000,1056,pass
full-pool-dirty-read,fifo,32,4096,4,2,contention,6072051097480939855,10,32,184040,4096,706,3390,1024,1024,0,0,0,0,1024,1024,1024,1024,1024,0,1024,1024,0,1024,1024,0,4194304,4194304,1024,4485,3143,60,0,4096,1.000,1056,pass
full-pool-dirty-read,fifo,32,4096,4,2,contention,6072051097480939855,11,32,188761,4096,587,3509,1024,1024,0,0,0,0,1024,1024,1024,1024,1024,0,1024,1024,0,1024,1024,0,4194304,4194304,1024,4572,3203,60,0,4096,1.000,1056,pass
full-pool-dirty-read,fifo,32,4096,4,2,contention,6072051097480939855,12,32,184706,4096,641,3455,1024,1024,0,0,0,0,1024,1024,1024,1024,1024,0,1024,1024,0,1024,1024,0,4194304,4194304,1024,4539,3178,58,0,4096,1.000,1056,pass
full-pool-dirty-read,fifo,32,4096,4,2,contention,6072051097480939855,13,32,180548,4096,707,3389,1024,1024,0,0,0,0,1024,1024,1024,1024,1024,0,1024,1024,0,1024,1024,0,4194304,4194304,1024,4647,3095,59,0,4096,1.000,1056,pass
full-pool-dirty-read,fifo,32,4096,4,2,contention,6072051097480939855,14,32,193702,4096,842,3254,1024,1024,0,0,0,0,1024,1024,1024,1024,1024,0,1024,1024,0,1024,1024,0,4194304,4194304,1024,4322,3131,58,0,4096,1.000,1056,pass
full-pool-dirty-read,fifo,32,4096,4,2,contention,6072051097480939855,15,32,187625,4096,979,3117,1024,1024,0,0,0,0,1024,1024,1024,1024,1024,0,1024,1024,0,1024,1024,0,4194304,4194304,1024,4765,3312,65,0,4096,1.000,1056,pass
full-pool-dirty-read,fifo,32,4096,4,2,contention,6072051097480939855,16,32,198174,4096,1076,3020,1024,1024,0,0,0,0,1024,1024,1024,1024,1024,0,1024,1024,0,1024,1024,0,4194304,4194304,1024,4419,3179,59,0,4096,1.000,1056,pass
full-pool-dirty-read,fifo,32,4096,4,2,contention,6072051097480939855,17,32,186404,4096,606,3490,1024,1024,0,0,0,0,1024,1024,1024,1024,1024,0,1024,1024,0,1024,1024,0,4194304,4194304,1024,4566,3134,58,0,4096,1.000,1056,pass
full-pool-dirty-read,fifo,32,4096,4,2,contention,6072051097480939855,18,32,188530,4096,640,3456,1024,1024,0,0,0,0,1024,1024,1024,1024,1024,0,1024,1024,0,1024,1024,0,4194304,4194304,1024,4499,3080,56,0,4096,1.000,1056,pass
full-pool-dirty-read,fifo,32,4096,4,2,contention,6072051097480939855,19,32,188357,4096,626,3470,1024,1024,0,0,0,0,1024,1024,1024,1024,1024,0,1024,1024,0,1024,1024,0,4194304,4194304,1024,4427,3102,56,0,4096,1.000,1056,pass
full-pool-dirty-read,fifo,32,4096,4,2,contention,6072051097480939855,20,32,195993,4096,765,3331,1024,1024,0,0,0,0,1024,1024,1024,1024,1024,0,1024,1024,0,1024,1024,0,4194304,4194304,1024,4479,3261,59,0,4096,1.000,1056,pass
full-pool-dirty-read,fifo,64,8192,1,2,contention,6072051097480939855,1,64,65955,8192,0,8192,8192,8192,0,0,0,0,8192,8192,8192,8192,8192,0,8192,8192,0,8192,8192,0,33554432,33554432,8192,19337,17265,210,0,8192,1.000,8256,pass
full-pool-dirty-read,fifo,64,8192,1,2,contention,6072051097480939855,2,64,67654,8192,0,8192,8192,8192,0,0,0,0,8192,8192,8192,8192,8192,0,8192,8192,0,8192,8192,0,33554432,33554432,8192,19428,17983,219,0,8192,1.000,8256,pass
full-pool-dirty-read,fifo,64,8192,1,2,contention,6072051097480939855,3,64,65432,8192,0,8192,8192,8192,0,0,0,0,8192,8192,8192,8192,8192,0,8192,8192,0,8192,8192,0,33554432,33554432,8192,18764,17279,215,0,8192,1.000,8256,pass
full-pool-dirty-read,fifo,64,8192,1,2,contention,6072051097480939855,4,64,66191,8192,0,8192,8192,8192,0,0,0,0,8192,8192,8192,8192,8192,0,8192,8192,0,8192,8192,0,33554432,33554432,8192,18843,17151,211,0,8192,1.000,8256,pass
full-pool-dirty-read,fifo,64,8192,1,2,contention,6072051097480939855,5,64,65524,8192,0,8192,8192,8192,0,0,0,0,8192,8192,8192,8192,8192,0,8192,8192,0,8192,8192,0,33554432,33554432,8192,19100,17029,211,0,8192,1.000,8256,pass
full-pool-dirty-read,fifo,64,8192,1,2,contention,6072051097480939855,6,64,66835,8192,0,8192,8192,8192,0,0,0,0,8192,8192,8192,8192,8192,0,8192,8192,0,8192,8192,0,33554432,33554432,8192,19035,17600,211,0,8192,1.000,8256,pass
full-pool-dirty-read,fifo,64,8192,1,2,contention,6072051097480939855,7,64,64524,8192,0,8192,8192,8192,0,0,0,0,8192,8192,8192,8192,8192,0,8192,8192,0,8192,8192,0,33554432,33554432,8192,18580,17064,214,0,8192,1.000,8256,pass
full-pool-dirty-read,fifo,64,8192,1,2,contention,6072051097480939855,8,64,67221,8192,0,8192,8192,8192,0,0,0,0,8192,8192,8192,8192,8192,0,8192,8192,0,8192,8192,0,33554432,33554432,8192,19838,17737,218,0,8192,1.000,8256,pass
full-pool-dirty-read,fifo,64,8192,1,2,contention,6072051097480939855,9,64,69471,8192,0,8192,8192,8192,0,0,0,0,8192,8192,8192,8192,8192,0,8192,8192,0,8192,8192,0,33554432,33554432,8192,19791,18156,237,0,8192,1.000,8256,pass
full-pool-dirty-read,fifo,64,8192,1,2,contention,6072051097480939855,10,64,67126,8192,0,8192,8192,8192,0,0,0,0,8192,8192,8192,8192,8192,0,8192,8192,0,8192,8192,0,33554432,33554432,8192,19117,18169,219,0,8192,1.000,8256,pass
full-pool-dirty-read,fifo,64,8192,1,2,contention,6072051097480939855,11,64,68609,8192,0,8192,8192,8192,0,0,0,0,8192,8192,8192,8192,8192,0,8192,8192,0,8192,8192,0,33554432,33554432,8192,19728,18272,233,0,8192,1.000,8256,pass
full-pool-dirty-read,fifo,64,8192,1,2,contention,6072051097480939855,12,64,65862,8192,0,8192,8192,8192,0,0,0,0,8192,8192,8192,8192,8192,0,8192,8192,0,8192,8192,0,33554432,33554432,8192,18939,17130,218,0,8192,1.000,8256,pass
full-pool-dirty-read,fifo,64,8192,1,2,contention,6072051097480939855,13,64,67639,8192,0,8192,8192,8192,0,0,0,0,8192,8192,8192,8192,8192,0,8192,8192,0,8192,8192,0,33554432,33554432,8192,19501,17610,216,0,8192,1.000,8256,pass
full-pool-dirty-read,fifo,64,8192,1,2,contention,6072051097480939855,14,64,68232,8192,0,8192,8192,8192,0,0,0,0,8192,8192,8192,8192,8192,0,8192,8192,0,8192,8192,0,33554432,33554432,8192,19587,17924,234,0,8192,1.000,8256,pass
full-pool-dirty-read,fifo,64,8192,1,2,contention,6072051097480939855,15,64,65910,8192,0,8192,8192,8192,0,0,0,0,8192,8192,8192,8192,8192,0,8192,8192,0,8192,8192,0,33554432,33554432,8192,18668,17670,222,0,8192,1.000,8256,pass
full-pool-dirty-read,fifo,64,8192,1,2,contention,6072051097480939855,16,64,67182,8192,0,8192,8192,8192,0,0,0,0,8192,8192,8192,8192,8192,0,8192,8192,0,8192,8192,0,33554432,33554432,8192,19491,17912,226,0,8192,1.000,8256,pass
full-pool-dirty-read,fifo,64,8192,1,2,contention,6072051097480939855,17,64,67949,8192,0,8192,8192,8192,0,0,0,0,8192,8192,8192,8192,8192,0,8192,8192,0,8192,8192,0,33554432,33554432,8192,19875,17424,252,0,8192,1.000,8256,pass
full-pool-dirty-read,fifo,64,8192,1,2,contention,6072051097480939855,18,64,65140,8192,0,8192,8192,8192,0,0,0,0,8192,8192,8192,8192,8192,0,8192,8192,0,8192,8192,0,33554432,33554432,8192,18550,17303,208,0,8192,1.000,8256,pass
full-pool-dirty-read,fifo,64,8192,1,2,contention,6072051097480939855,19,64,68596,8192,0,8192,8192,8192,0,0,0,0,8192,8192,8192,8192,8192,0,8192,8192,0,8192,8192,0,33554432,33554432,8192,19912,17842,218,0,8192,1.000,8256,pass
full-pool-dirty-read,fifo,64,8192,1,2,contention,6072051097480939855,20,64,66483,8192,0,8192,8192,8192,0,0,0,0,8192,8192,8192,8192,8192,0,8192,8192,0,8192,8192,0,33554432,33554432,8192,18887,17368,220,0,8192,1.000,8256,pass
full-pool-dirty-read,fifo,64,8192,2,2,contention,6072051097480939855,1,64,305820,8192,272,7920,4096,4096,0,0,0,0,4096,4096,4096,4096,4096,0,4096,4096,0,4096,4096,0,16777216,16777216,4096,16397,11768,192,0,8192,1.000,4160,pass
full-pool-dirty-read,fifo,64,8192,2,2,contention,6072051097480939855,2,64,321089,8192,71,8121,4096,4096,0,0,0,0,4096,4096,4096,4096,4096,0,4096,4096,0,4096,4096,0,16777216,16777216,4096,16953,11799,201,0,8192,1.000,4160,pass
full-pool-dirty-read,fifo,64,8192,2,2,contention,6072051097480939855,3,64,293410,8192,244,7948,4096,4096,0,0,0,0,4096,4096,4096,4096,4096,0,4096,4096,0,4096,4096,0,16777216,16777216,4096,15474,10854,176,0,8192,1.000,4160,pass
full-pool-dirty-read,fifo,64,8192,2,2,contention,6072051097480939855,4,64,292129,8192,286,7906,4096,4096,0,0,0,0,4096,4096,4096,4096,4096,0,4096,4096,0,4096,4096,0,16777216,16777216,4096,16371,11874,198,0,8192,1.000,4160,pass
full-pool-dirty-read,fifo,64,8192,2,2,contention,6072051097480939855,5,64,309884,8192,100,8092,4096,4096,0,0,0,0,4096,4096,4096,4096,4096,0,4096,4096,0,4096,4096,0,16777216,16777216,4096,15581,10972,185,0,8192,1.000,4160,pass
full-pool-dirty-read,fifo,64,8192,2,2,contention,6072051097480939855,6,64,307011,8192,299,7893,4096,4096,0,0,0,0,4096,4096,4096,4096,4096,0,4096,4096,0,4096,4096,0,16777216,16777216,4096,15830,11408,194,0,8192,1.000,4160,pass
full-pool-dirty-read,fifo,64,8192,2,2,contention,6072051097480939855,7,64,309399,8192,198,7994,4096,4096,0,0,0,0,4096,4096,4096,4096,4096,0,4096,4096,0,4096,4096,0,16777216,16777216,4096,15716,11016,193,0,8192,1.000,4160,pass
full-pool-dirty-read,fifo,64,8192,2,2,contention,6072051097480939855,8,64,301541,8192,251,7941,4096,4096,0,0,0,0,4096,4096,4096,4096,4096,0,4096,4096,0,4096,4096,0,16777216,16777216,4096,15506,11063,218,0,8192,1.000,4160,pass
full-pool-dirty-read,fifo,64,8192,2,2,contention,6072051097480939855,9,64,305383,8192,176,8016,4096,4096,0,0,0,0,4096,4096,4096,4096,4096,0,4096,4096,0,4096,4096,0,16777216,16777216,4096,15651,11146,213,0,8192,1.000,4160,pass
full-pool-dirty-read,fifo,64,8192,2,2,contention,6072051097480939855,10,64,280336,8192,278,7914,4096,4096,0,0,0,0,4096,4096,4096,4096,4096,0,4096,4096,0,4096,4096,0,16777216,16777216,4096,15094,11102,189,0,8192,1.000,4160,pass
full-pool-dirty-read,fifo,64,8192,2,2,contention,6072051097480939855,11,64,271056,8192,342,7850,4096,4096,0,0,0,0,4096,4096,4096,4096,4096,0,4096,4096,0,4096,4096,0,16777216,16777216,4096,15035,11684,195,0,8192,1.000,4160,pass
full-pool-dirty-read,fifo,64,8192,2,2,contention,6072051097480939855,12,64,290200,8192,147,8045,4096,4096,0,0,0,0,4096,4096,4096,4096,4096,0,4096,4096,0,4096,4096,0,16777216,16777216,4096,15044,10776,183,0,8192,1.000,4160,pass
full-pool-dirty-read,fifo,64,8192,2,2,contention,6072051097480939855,13,64,307121,8192,223,7969,4096,4096,0,0,0,0,4096,4096,4096,4096,4096,0,4096,4096,0,4096,4096,0,16777216,16777216,4096,15365,11170,197,0,8192,1.000,4160,pass
full-pool-dirty-read,fifo,64,8192,2,2,contention,6072051097480939855,14,64,317425,8192,110,8082,4096,4096,0,0,0,0,4096,4096,4096,4096,4096,0,4096,4096,0,4096,4096,0,16777216,16777216,4096,15244,10939,184,0,8192,1.000,4160,pass
full-pool-dirty-read,fifo,64,8192,2,2,contention,6072051097480939855,15,64,301070,8192,180,8012,4096,4096,0,0,0,0,4096,4096,4096,4096,4096,0,4096,4096,0,4096,4096,0,16777216,16777216,4096,15219,10901,186,0,8192,1.000,4160,pass
full-pool-dirty-read,fifo,64,8192,2,2,contention,6072051097480939855,16,64,304395,8192,202,7990,4096,4096,0,0,0,0,4096,4096,4096,4096,4096,0,4096,4096,0,4096,4096,0,16777216,16777216,4096,15105,10878,194,0,8192,1.000,4160,pass
full-pool-dirty-read,fifo,64,8192,2,2,contention,6072051097480939855,17,64,303846,8192,199,7993,4096,4096,0,0,0,0,4096,4096,4096,4096,4096,0,4096,4096,0,4096,4096,0,16777216,16777216,4096,15704,11124,189,0,8192,1.000,4160,pass
full-pool-dirty-read,fifo,64,8192,2,2,contention,6072051097480939855,18,64,292688,8192,201,7991,4096,4096,0,0,0,0,4096,4096,4096,4096,4096,0,4096,4096,0,4096,4096,0,16777216,16777216,4096,15403,10938,185,0,8192,1.000,4160,pass
full-pool-dirty-read,fifo,64,8192,2,2,contention,6072051097480939855,19,64,308906,8192,221,7971,4096,4096,0,0,0,0,4096,4096,4096,4096,4096,0,4096,4096,0,4096,4096,0,16777216,16777216,4096,15740,11325,190,0,8192,1.000,4160,pass
full-pool-dirty-read,fifo,64,8192,2,2,contention,6072051097480939855,20,64,296834,8192,200,7992,4096,4096,0,0,0,0,4096,4096,4096,4096,4096,0,4096,4096,0,4096,4096,0,16777216,16777216,4096,15177,10995,197,0,8192,1.000,4160,pass
full-pool-dirty-read,fifo,64,8192,4,2,contention,6072051097480939855,1,64,374588,8192,1354,6838,2048,2048,0,0,0,0,2048,2048,2048,2048,2048,0,2048,2048,0,2048,2048,0,8388608,8388608,2048,9884,6701,121,0,8192,1.000,2112,pass
full-pool-dirty-read,fifo,64,8192,4,2,contention,6072051097480939855,2,64,367111,8192,1209,6983,2048,2048,0,0,0,0,2048,2048,2048,2048,2048,0,2048,2048,0,2048,2048,0,8388608,8388608,2048,9767,6655,123,0,8192,1.000,2112,pass
full-pool-dirty-read,fifo,64,8192,4,2,contention,6072051097480939855,3,64,371831,8192,1308,6884,2048,2048,0,0,0,0,2048,2048,2048,2048,2048,0,2048,2048,0,2048,2048,0,8388608,8388608,2048,9079,6410,113,0,8192,1.000,2112,pass
full-pool-dirty-read,fifo,64,8192,4,2,contention,6072051097480939855,4,64,368971,8192,1373,6819,2048,2048,0,0,0,0,2048,2048,2048,2048,2048,0,2048,2048,0,2048,2048,0,8388608,8388608,2048,9645,6433,116,0,8192,1.000,2112,pass
full-pool-dirty-read,fifo,64,8192,4,2,contention,6072051097480939855,5,64,372951,8192,1312,6880,2048,2048,0,0,0,0,2048,2048,2048,2048,2048,0,2048,2048,0,2048,2048,0,8388608,8388608,2048,9020,6407,114,0,8192,1.000,2112,pass
full-pool-dirty-read,fifo,64,8192,4,2,contention,6072051097480939855,6,64,361846,8192,1523,6669,2048,2048,0,0,0,0,2048,2048,2048,2048,2048,0,2048,2048,0,2048,2048,0,8388608,8388608,2048,8934,6239,109,0,8192,1.000,2112,pass
full-pool-dirty-read,fifo,64,8192,4,2,contention,6072051097480939855,7,64,355700,8192,1343,6849,2048,2048,0,0,0,0,2048,2048,2048,2048,2048,0,2048,2048,0,2048,2048,0,8388608,8388608,2048,8838,6242,115,0,8192,1.000,2112,pass
full-pool-dirty-read,fifo,64,8192,4,2,contention,6072051097480939855,8,64,370855,8192,1428,6764,2048,2048,0,0,0,0,2048,2048,2048,2048,2048,0,2048,2048,0,2048,2048,0,8388608,8388608,2048,9080,6420,119,0,8192,1.000,2112,pass
full-pool-dirty-read,fifo,64,8192,4,2,contention,6072051097480939855,9,64,367335,8192,1343,6849,2048,2048,0,0,0,0,2048,2048,2048,2048,2048,0,2048,2048,0,2048,2048,0,8388608,8388608,2048,9177,6326,116,0,8192,1.000,2112,pass
full-pool-dirty-read,fifo,64,8192,4,2,contention,6072051097480939855,10,64,369324,8192,1313,6879,2048,2048,0,0,0,0,2048,2048,2048,2048,2048,0,2048,2048,0,2048,2048,0,8388608,8388608,2048,8903,6717,108,0,8192,1.000,2112,pass
full-pool-dirty-read,fifo,64,8192,4,2,contention,6072051097480939855,11,64,366469,8192,1314,6878,2048,2048,0,0,0,0,2048,2048,2048,2048,2048,0,2048,2048,0,2048,2048,0,8388608,8388608,2048,8843,6354,117,0,8192,1.000,2112,pass
full-pool-dirty-read,fifo,64,8192,4,2,contention,6072051097480939855,12,64,334256,8192,1334,6858,2048,2048,0,0,0,0,2048,2048,2048,2048,2048,0,2048,2048,0,2048,2048,0,8388608,8388608,2048,9258,6362,115,0,8192,1.000,2112,pass
full-pool-dirty-read,fifo,64,8192,4,2,contention,6072051097480939855,13,64,362477,8192,1392,6800,2048,2048,0,0,0,0,2048,2048,2048,2048,2048,0,2048,2048,0,2048,2048,0,8388608,8388608,2048,9283,6604,115,0,8192,1.000,2112,pass
full-pool-dirty-read,fifo,64,8192,4,2,contention,6072051097480939855,14,64,328751,8192,1371,6821,2048,2048,0,0,0,0,2048,2048,2048,2048,2048,0,2048,2048,0,2048,2048,0,8388608,8388608,2048,8753,6261,114,0,8192,1.000,2112,pass
full-pool-dirty-read,fifo,64,8192,4,2,contention,6072051097480939855,15,64,350637,8192,1152,7040,2048,2048,0,0,0,0,2048,2048,2048,2048,2048,0,2048,2048,0,2048,2048,0,8388608,8388608,2048,9189,6514,116,0,8192,1.000,2112,pass
full-pool-dirty-read,fifo,64,8192,4,2,contention,6072051097480939855,16,64,364861,8192,1338,6854,2048,2048,0,0,0,0,2048,2048,2048,2048,2048,0,2048,2048,0,2048,2048,0,8388608,8388608,2048,9517,6601,115,0,8192,1.000,2112,pass
full-pool-dirty-read,fifo,64,8192,4,2,contention,6072051097480939855,17,64,367095,8192,1169,7023,2048,2048,0,0,0,0,2048,2048,2048,2048,2048,0,2048,2048,0,2048,2048,0,8388608,8388608,2048,9163,6520,115,0,8192,1.000,2112,pass
full-pool-dirty-read,fifo,64,8192,4,2,contention,6072051097480939855,18,64,367096,8192,1111,7081,2048,2048,0,0,0,0,2048,2048,2048,2048,2048,0,2048,2048,0,2048,2048,0,8388608,8388608,2048,8643,6215,115,0,8192,1.000,2112,pass
full-pool-dirty-read,fifo,64,8192,4,2,contention,6072051097480939855,19,64,373503,8192,1096,7096,2048,2048,0,0,0,0,2048,2048,2048,2048,2048,0,2048,2048,0,2048,2048,0,8388608,8388608,2048,8718,6186,114,0,8192,1.000,2112,pass
full-pool-dirty-read,fifo,64,8192,4,2,contention,6072051097480939855,20,64,335697,8192,1219,6973,2048,2048,0,0,0,0,2048,2048,2048,2048,2048,0,2048,2048,0,2048,2048,0,8388608,8388608,2048,9025,6209,114,0,8192,1.000,2112,pass
